26-01-22-asa~Brandon~Wong~92981256~brandon222@gmail.com~Nike Airmax ~Nike~White~Casual~US7~Brand New~250~brand new nike airmax buy now cheap cheap
26-01-22-eat~Brandon~Wong~92981037~bran.wongsoft@hotmail.com~Nike Airmax ~Nike~White~Hiking~US7~Brand New~222~airmax
26-01-22-yuy~Brandon~W~92981037~bran.wongsoft@hotmail.com~Nike Airmax ~Nike~White~Sports~US7~Brand New~23~hello
27-01-22-aaa~Brandon~Wong~92981037~bran.wongsoft@hotmail.com~Nike Airmax ~Nike~White~Sports~US6~Almost New~122~s
27-01-22-sss~Brandon~W~92981037~bran.wongsoft@hotmail.com~Nike Airmax ~Nike~Black~Sports~US7~Brand New~222~222
27-01-22-iui~Brandon~W~92981037~bran.wongsoft@hotmail.com~22~22~Black~Sports~US6~Brand New~222~22
29-01-22-GAY~James~Chales~89784565~jamersonCharlio@hotmail.com~Yeezy Boost 7~Adidas~Black~Casual~US8~Brand New~6000~Limited edition shoes yo
03-02-22-TAL~Chang Liang~Goh~91235554~gohchangliang@gmail.com~Gucci Trainers~Gucci~Green~Others~US12~Brand New~1500~Worn by the best
03-02-22-FAT~Sean~Yeo~97916402~seany.dg98@gmail.com~LV Walking Shoes~LV~White~Sports~US7~Almost New~1200~Walk shoes
